,gene_id,go_identifier
23745,AT1G47720,GO:0000002
77734,AT3G10140,GO:0000002
87819,AT3G24320,GO:0000002
12500,AT1G18450,GO:0000003
27926,AT1G54490,GO:0000003
47303,AT2G06210,GO:0000003
64394,AT2G38440,GO:0000003
71333,AT2G47980,GO:0000003
72817,AT3G02680,GO:0000003
85337,AT3G20740,GO:0000003
92593,AT3G44600,GO:0000003
95025,AT3G48190,GO:0000003
103900,AT3G61140,GO:0000003
108236,AT4G03550,GO:0000003
108914,AT4G04970,GO:0000003
119110,AT4G22970,GO:0000003
128108,AT4G34840,GO:0000003
131007,AT4G38800,GO:0000003
145831,AT5G22010,GO:0000003
147628,AT5G24630,GO:0000003
149287,AT5G27540,GO:0000003
7520,AT1G11190,GO:0000014
118275,AT4G21600,GO:0000014
153473,AT5G41150,GO:0000014
39643,AT1G74030,GO:0000015
58016,AT2G29560,GO:0000015
62935,AT2G36530,GO:0000015
1162,AT1G02560,GO:0000023
1700,AT1G03310,GO:0000023
1877,AT1G03630,GO:0000023
1937,AT1G03680,GO:0000023
4514,AT1G07280,GO:0000023
4648,AT1G07440,GO:0000023
6603,AT1G09795,GO:0000023
9491,AT1G14030,GO:0000023
12694,AT1G18730,GO:0000023
15228,AT1G22630,GO:0000023
16827,AT1G26230,GO:0000023
19840,AT1G31190,GO:0000023
19868,AT1G31230,GO:0000023
20172,AT1G31800,GO:0000023
22731,AT1G43560,GO:0000023
23068,AT1G44575,GO:0000023
24293,AT1G48600,GO:0000023
24731,AT1G49380,GO:0000023
27852,AT1G54350,GO:0000023
28936,AT1G56190,GO:0000023
29160,AT1G56500,GO:0000023
32066,AT1G62750,GO:0000023
32110,AT1G62780,GO:0000023
34974,AT1G66980,GO:0000023
36086,AT1G68600,GO:0000023
37528,AT1G70730,GO:0000023
37579,AT1G70820,GO:0000023
39301,AT1G73600,GO:0000023
39353,AT1G73655,GO:0000023
41411,AT1G76450,GO:0000023
41635,AT1G76730,GO:0000023
41843,AT1G77090,GO:0000023
42712,AT1G78370,GO:0000023
44646,AT2G01110,GO:0000023
45166,AT2G01870,GO:0000023
46064,AT2G03420,GO:0000023
46737,AT2G04700,GO:0000023
47134,AT2G05830,GO:0000023
52799,AT2G21530,GO:0000023
54037,AT2G23390,GO:0000023
56191,AT2G26900,GO:0000023
56337,AT2G27040,GO:0000023
58058,AT2G29630,GO:0000023
58548,AT2G30390,GO:0000023
59070,AT2G31040,GO:0000023
62518,AT2G35960,GO:0000023
62632,AT2G36145,GO:0000023
65502,AT2G39930,GO:0000023
66206,AT2G40840,GO:0000023
68022,AT2G43530,GO:0000023
71047,AT2G47590,GO:0000023
71813,AT3G01440,GO:0000023
71935,AT3G01510,GO:0000023
72046,AT3G01660,GO:0000023
72837,AT3G02730,GO:0000023
73216,AT3G03250,GO:0000023
75499,AT3G06510,GO:0000023
76282,AT3G07670,GO:0000023
76996,AT3G09050,GO:0000023
77375,AT3G09650,GO:0000023
78345,AT3G10940,GO:0000023
79639,AT3G12780,GO:0000023
81577,AT3G15360,GO:0000023
81727,AT3G15570,GO:0000023
81977,AT3G16000,GO:0000023
82185,AT3G16290,GO:0000023
83363,AT3G17930,GO:0000023
83488,AT3G18110,GO:0000023
83696,AT3G18500,GO:0000023
84046,AT3G19000,GO:0000023
85498,AT3G20930,GO:0000023
85889,AT3G21580,GO:0000023
86286,AT3G22210,GO:0000023
87868,AT3G24430,GO:0000023
90831,AT3G28760,GO:0000023
91097,AT3G29185,GO:0000023
92935,AT3G45050,GO:0000023
92989,AT3G45140,GO:0000023
95044,AT3G48200,GO:0000023
97245,AT3G51510,GO:0000023
97743,AT3G52180,GO:0000023
98166,AT3G52750,GO:0000023
99137,AT3G54050,GO:0000023
100025,AT3G55250,GO:0000023
100506,AT3G55800,GO:0000023
100653,AT3G56010,GO:0000023
103036,AT3G59780,GO:0000023
105284,AT3G63160,GO:0000023
105927,AT4G00490,GO:0000023
107770,AT4G02790,GO:0000023
108451,AT4G04340,GO:0000023
108595,AT4G04640,GO:0000023
110573,AT4G10300,GO:0000023
112539,AT4G13430,GO:0000023
115236,AT4G17050,GO:0000023
115418,AT4G17360,GO:0000023
115770,AT4G17770,GO:0000023
115948,AT4G18060,GO:0000023
117954,AT4G21210,GO:0000023
119008,AT4G22890,GO:0000023
119355,AT4G23260,GO:0000023
120383,AT4G24620,GO:0000023
121430,AT4G26070,GO:0000023
121841,AT4G26530,GO:0000023
122334,AT4G27180,GO:0000023
122685,AT4G27700,GO:0000023
124269,AT4G30020,GO:0000023
125636,AT4G31850,GO:0000023
126007,AT4G32330,GO:0000023
126646,AT4G33010,GO:0000023
127025,AT4G33470,GO:0000023
127042,AT4G33500,GO:0000023
128824,AT4G35760,GO:0000023
129366,AT4G36530,GO:0000023
129672,AT4G37000,GO:0000023
132324,AT5G01410,GO:0000023
133332,AT5G02940,GO:0000023
133818,AT5G03650,GO:0000023
134349,AT5G04360,GO:0000023
134889,AT5G05200,GO:0000023
137148,AT5G08370,GO:0000023
137345,AT5G08570,GO:0000023
139189,AT5G11450,GO:0000023
139623,AT5G12150,GO:0000023
140613,AT5G13730,GO:0000023
141481,AT5G14970,GO:0000023
143205,AT5G17520,GO:0000023
146475,AT5G23060,GO:0000023
147340,AT5G24300,GO:0000023
149314,AT5G27560,GO:0000023
149783,AT5G28500,GO:0000023
150790,AT5G36120,GO:0000023
151935,AT5G38660,GO:0000023
152246,AT5G39210,GO:0000023
152628,AT5G39830,GO:0000023
156989,AT5G46420,GO:0000023
158199,AT5G48300,GO:0000023
158401,AT5G48590,GO:0000023
159437,AT5G50160,GO:0000023
159504,AT5G50250,GO:0000023
160521,AT5G51820,GO:0000023
161645,AT5G53580,GO:0000023
162334,AT5G54770,GO:0000023
162630,AT5G55220,GO:0000023
164482,AT5G57930,GO:0000023
164621,AT5G58140,GO:0000023
164739,AT5G58260,GO:0000023
164843,AT5G58330,GO:0000023
168027,AT5G62790,GO:0000023
168619,AT5G63780,GO:0000023
66203,AT2G40840,GO:0000025
169526,AT5G64860,GO:0000025
38533,AT1G72370,GO:0000028
46555,AT2G04390,GO:0000028
46923,AT2G05220,GO:0000028
74199,AT3G04770,GO:0000028
78063,AT3G10610,GO:0000028
134608,AT5G04800,GO:0000028
141396,AT5G14850,GO:0000030
145896,AT5G22130,GO:0000030
5471,AT1G08510,GO:0000036
28017,AT1G54580,GO:0000036
28043,AT1G54630,GO:0000036
33787,AT1G65290,GO:0000036
68817,AT2G44620,GO:0000036
74383,AT3G05020,GO:0000036
88320,AT3G25110,GO:0000036
112316,AT4G13050,GO:0000036
120687,AT4G25050,GO:0000036
149045,AT5G27200,GO:0000036
157742,AT5G47630,GO:0000036
143,AT1G01120,GO:0000038
521,AT1G01610,GO:0000038
661,AT1G01800,GO:0000038
2359,AT1G04220,GO:0000038
4865,AT1G07720,GO:0000038
6944,AT1G10310,GO:0000038
13162,AT1G19440,GO:0000038
16244,AT1G24360,GO:0000038
16623,AT1G25450,GO:0000038
18820,AT1G29670,GO:0000038
28361,AT1G55260,GO:0000038
32001,AT1G62640,GO:0000038
33788,AT1G65290,GO:0000038
35981,AT1G68530,GO:0000038
37789,AT1G71160,GO:0000038
40314,AT1G74960,GO:0000038
46651,AT2G04540,GO:0000038
48884,AT2G15090,GO:0000038
49307,AT2G16280,GO:0000038
55660,AT2G26250,GO:0000038
61617,AT2G34770,GO:0000038
69240,AT2G45180,GO:0000038
70366,AT2G46720,GO:0000038
77819,AT3G10280,GO:0000038
78812,AT3G11630,GO:0000038
82248,AT3G16370,GO:0000038
92147,AT3G43720,GO:0000038
97310,AT3G51600,GO:0000038
102979,AT3G59710,GO:0000038
117424,AT4G20360,GO:0000038
120280,AT4G24510,GO:0000038
123323,AT4G28660,GO:0000038
127618,AT4G34250,GO:0000038
127852,AT4G34510,GO:0000038
127869,AT4G34520,GO:0000038
149050,AT5G27200,GO:0000038
155083,AT5G43760,GO:0000038
156632,AT5G45950,GO:0000038
156897,AT5G46290,GO:0000038
157426,AT5G47110,GO:0000038
157447,AT5G47120,GO:0000038
158763,AT5G49070,GO:0000038
160060,AT5G51140,GO:0000038
164403,AT5G57800,GO:0000038
4719,AT1G07560,GO:0000041
8226,AT1G12160,GO:0000041
9023,AT1G13300,GO:0000041
12835,AT1G18970,GO:0000041
12842,AT1G18980,GO:0000041
15128,AT1G22440,GO:0000041
17258,AT1G26930,GO:0000041
18627,AT1G29280,GO:0000041
19759,AT1G31050,GO:0000041
24690,AT1G49310,GO:0000041
28907,AT1G56145,GO:0000041
35795,AT1G68150,GO:0000041
42500,AT1G78000,GO:0000041
42566,AT1G78090,GO:0000041
44480,AT1G80830,GO:0000041
45973,AT2G03200,GO:0000041
51022,AT2G18980,GO:0000041
51111,AT2G19110,GO:0000041
52430,AT2G21045,GO:0000041
52823,AT2G21550,GO:0000041
56001,AT2G26650,GO:0000041
56264,AT2G27000,GO:0000041
56732,AT2G27550,GO:0000041
57109,AT2G28160,GO:0000041
57669,AT2G28960,GO:0000041
57851,AT2G29330,GO:0000041
58858,AT2G30840,GO:0000041
59354,AT2G31390,GO:0000041
60147,AT2G32610,GO:0000041
62003,AT2G35270,GO:0000041
62079,AT2G35380,GO:0000041
62760,AT2G36290,GO:0000041
65054,AT2G39410,GO:0000041
66441,AT2G41220,GO:0000041
66609,AT2G41480,GO:0000041
68428,AT2G44010,GO:0000041
69442,AT2G45430,GO:0000041
70380,AT2G46740,GO:0000041
70390,AT2G46750,GO:0000041
70720,AT2G47160,GO:0000041
71422,AT2G48130,GO:0000041
71428,AT2G48140,GO:0000041
71574,AT3G01190,GO:0000041
71598,AT3G01220,GO:0000041
74036,AT3G04570,GO:0000041
77111,AT3G09220,GO:0000041
79151,AT3G12090,GO:0000041
80054,AT3G13320,GO:0000041
81133,AT3G14680,GO:0000041
81485,AT3G15240,GO:0000041
82300,AT3G16440,GO:0000041
84304,AT3G19390,GO:0000041
85841,AT3G21510,GO:0000041
85976,AT3G21710,GO:0000041
87155,AT3G23430,GO:0000041
87750,AT3G24240,GO:0000041
88855,AT3G25930,GO:0000041
89206,AT3G26470,GO:0000041
89728,AT3G27150,GO:0000041
89763,AT3G27190,GO:0000041
93135,AT3G45410,GO:0000041
94301,AT3G47210,GO:0000041
96417,AT3G50300,GO:0000041
98748,AT3G53480,GO:0000041
99124,AT3G54040,GO:0000041
105639,AT4G00080,GO:0000041
106982,AT4G01910,GO:0000041
109079,AT4G05200,GO:0000041
110653,AT4G10380,GO:0000041
112404,AT4G13235,GO:0000041
113427,AT4G14630,GO:0000041
113998,AT4G15390,GO:0000041
114022,AT4G15400,GO:0000041
115799,AT4G17800,GO:0000041
116135,AT4G18360,GO:0000041
117012,AT4G19690,GO:0000041
117460,AT4G20390,GO:0000041
117978,AT4G21230,GO:0000041
118272,AT4G21600,GO:0000041
118640,AT4G22212,GO:0000041
120729,AT4G25090,GO:0000041
121791,AT4G26470,GO:0000041
123467,AT4G28890,GO:0000041
127930,AT4G34600,GO:0000041
128568,AT4G35380,GO:0000041
129407,AT4G36610,GO:0000041
129958,AT4G37410,GO:0000041
132372,AT5G01490,GO:0000041
133750,AT5G03570,GO:0000041
135955,AT5G06740,GO:0000041
138618,AT5G10580,GO:0000041
143085,AT5G17330,GO:0000041
143382,AT5G17820,GO:0000041
144503,AT5G19520,GO:0000041
145279,AT5G20550,GO:0000041
146598,AT5G23190,GO:0000041
146995,AT5G23830,GO:0000041
148579,AT5G26280,GO:0000041
151559,AT5G37990,GO:0000041
154926,AT5G43520,GO:0000041
155748,AT5G44610,GO:0000041
155903,AT5G44790,GO:0000041
156038,AT5G45070,GO:0000041
157648,AT5G47450,GO:0000041
165227,AT5G58860,GO:0000041
165372,AT5G59090,GO:0000041
165664,AT5G59520,GO:0000041
165678,AT5G59530,GO:0000041
165970,AT5G59930,GO:0000041
166339,AT5G60530,GO:0000041
168487,AT5G63590,GO:0000041
168509,AT5G63600,GO:0000041
170212,AT5G65790,GO:0000041
170827,AT5G66690,GO:0000041
27747,AT1G54210,GO:0000045
80623,AT3G13970,GO:0000045
104309,AT3G61710,GO:0000045
38652,AT1G72560,GO:0000049
41229,AT1G76170,GO:0000049
66055,AT2G40660,GO:0000049
66113,AT2G40730,GO:0000049
68615,AT2G44270,GO:0000049
102124,AT3G58140,GO:0000049
102813,AT3G59410,GO:0000049
103153,AT3G59980,GO:0000049
112758,AT4G13780,GO:0000049
131405,AT4G39280,GO:0000049
147853,AT5G25030,GO:0000049
163252,AT5G56060,GO:0000049
163261,AT5G56075,GO:0000049
16785,AT1G26170,GO:0000059
49694,AT2G16950,GO:0000059
59524,AT2G31660,GO:0000059
70233,AT2G46520,GO:0000059
73147,AT3G03110,GO:0000059
76914,AT3G08960,GO:0000059
82965,AT3G17340,GO:0000059
102572,AT3G59020,GO:0000059
122645,AT4G27640,GO:0000059
135549,AT5G06120,GO:0000059
142890,AT5G17020,GO:0000059
161551,AT5G53480,GO:0000059
4429,AT1G07140,GO:0000060
58317,AT2G30060,GO:0000060
69597,AT2G45660,GO:0000060
120309,AT4G24540,GO:0000060
165041,AT5G58590,GO:0000060
20198,AT1G31812,GO:0000062
74687,AT3G05420,GO:0000062
120097,AT4G24230,GO:0000062
122729,AT4G27780,GO:0000062
149377,AT5G27630,GO:0000062
161541,AT5G53470,GO:0000062
43899,AT1G79900,GO:0000064
60989,AT2G33820,GO:0000064
1441,AT1G02970,GO:0000076
171109,AT5G67100,GO:0000076
9957,AT1G14750,GO:0000079
10520,AT1G15570,GO:0000079
13962,AT1G20590,GO:0000079
13974,AT1G20610,GO:0000079
17653,AT1G27630,GO:0000079
21965,AT1G35440,GO:0000079
22960,AT1G44110,GO:0000079
23459,AT1G47210,GO:0000079
23466,AT1G47220,GO:0000079
23476,AT1G47230,GO:0000079
34798,AT1G66750,GO:0000079
41298,AT1G76310,GO:0000079
42067,AT1G77390,GO:0000079
44193,AT1G80370,GO:0000079
50116,AT2G17620,GO:0000079
55824,AT2G26430,GO:0000079
56104,AT2G26760,GO:0000079
69176,AT2G45080,GO:0000079
74616,AT3G05327,GO:0000079
78725,AT3G11520,GO:0000079
86093,AT3G21870,GO:0000079
103481,AT3G60550,GO:0000079
105218,AT3G63120,GO:0000079
116886,AT4G19560,GO:0000079
116905,AT4G19600,GO:0000079
123506,AT4G28980,GO:0000079
128747,AT4G35620,GO:0000079
130016,AT4G37490,GO:0000079
135581,AT5G06150,GO:0000079
136520,AT5G07450,GO:0000079
139083,AT5G11300,GO:0000079
148057,AT5G25380,GO:0000079
154678,AT5G43080,GO:0000079
156137,AT5G45190,GO:0000079
158448,AT5G48630,GO:0000079
158455,AT5G48640,GO:0000079
167233,AT5G61650,GO:0000079
54064,AT2G23430,GO:0000082
79289,AT3G12280,GO:0000082
127522,AT4G34160,GO:0000082
133617,AT5G03415,GO:0000082
41487,AT1G76540,GO:0000086
83852,AT3G18730,GO:0000086
2684,AT1G04640,GO:0000096
5542,AT1G08550,GO:0000096
8003,AT1G11870,GO:0000096
15884,AT1G23740,GO:0000096
36007,AT1G68530,GO:0000096
37183,AT1G70310,GO:0000096
40321,AT1G74960,GO:0000096
45555,AT2G02500,GO:0000096
50970,AT2G18950,GO:0000096
52114,AT2G20610,GO:0000096
52315,AT2G20860,GO:0000096
52667,AT2G21330,GO:0000096
53303,AT2G22330,GO:0000096
53779,AT2G22990,GO:0000096
56806,AT2G27680,GO:0000096
58906,AT2G30870,GO:0000096
62145,AT2G35500,GO:0000096
68146,AT2G43710,GO:0000096
68215,AT2G43750,GO:0000096
74216,AT3G04790,GO:0000096
74354,AT3G04940,GO:0000096
80757,AT3G14110,GO:0000096
88804,AT3G25860,GO:0000096
89571,AT3G26900,GO:0000096
93004,AT3G45140,GO:0000096
102625,AT3G59060,GO:0000096
104540,AT3G62030,GO:0000096
106341,AT4G01050,GO:0000096
106948,AT4G01900,GO:0000096
107690,AT4G02680,GO:0000096
108611,AT4G04640,GO:0000096
114161,AT4G15560,GO:0000096
119594,AT4G23600,GO:0000096
124933,AT4G30950,GO:0000096
125364,AT4G31500,GO:0000096
126573,AT4G32980,GO:0000096
126621,AT4G33010,GO:0000096
128215,AT4G34980,GO:0000096
131123,AT4G38970,GO:0000096
131171,AT4G39030,GO:0000096
137866,AT5G09660,GO:0000096
154361,AT5G42650,GO:0000096
166389,AT5G60600,GO:0000096
166822,AT5G61130,GO:0000096
167997,AT5G62790,GO:0000096
172535,ATCG01070,GO:0000096
13461,AT1G19920,GO:0000103
31728,AT1G62180,GO:0000103
48772,AT2G14750,GO:0000103
50137,AT2G17640,GO:0000103
73620,AT3G03900,GO:0000103
86732,AT3G22890,GO:0000103
108569,AT4G04610,GO:0000103
112916,AT4G14030,GO:0000103
113454,AT4G14680,GO:0000103
118525,AT4G21990,GO:0000103
128766,AT4G35640,GO:0000103
131886,AT4G39940,GO:0000103
152705,AT5G39950,GO:0000103
155094,AT5G43780,GO:0000103
171464,AT5G67520,GO:0000103
50664,AT2G18450,GO:0000104
89890,AT3G27380,GO:0000104
125912,AT4G32210,GO:0000104
137801,AT5G09600,GO:0000104
153130,AT5G40650,GO:0000104
169762,AT5G65165,GO:0000104
170905,AT5G66760,GO:0000104
6602,AT1G09795,GO:0000105
20243,AT1G31860,GO:0000105
29788,AT1G58080,GO:0000105
38222,AT1G71920,GO:0000105
62704,AT2G36230,GO:0000105
86426,AT3G22425,GO:0000105
113655,AT4G14910,GO:0000105
122159,AT4G26900,GO:0000105
131296,AT4G39120,GO:0000105
138380,AT5G10330,GO:0000105
168709,AT5G63890,GO:0000105
847,AT1G02130,GO:0000139
16750,AT1G26120,GO:0000139
37863,AT1G71270,GO:0000139
39858,AT1G74380,GO:0000139
43967,AT1G79990,GO:0000139
63233,AT2G36900,GO:0000139
67843,AT2G43240,GO:0000139
68807,AT2G44610,GO:0000139
72577,AT3G02410,GO:0000139
78873,AT3G11730,GO:0000139
89974,AT3G27530,GO:0000139
92524,AT3G44480,GO:0000139
102765,AT3G59360,GO:0000139
105012,AT3G62830,GO:0000139
128542,AT4G35335,GO:0000139
130589,AT4G38240,GO:0000139
131468,AT4G39390,GO:0000139
131846,AT4G39890,GO:0000139
139111,AT5G11320,GO:0000139
142080,AT5G15860,GO:0000139
153818,AT5G41760,GO:0000139
162853,AT5G55500,GO:0000139
169640,AT5G65000,GO:0000139
170228,AT5G65810,GO:0000139
4320,AT1G07000,GO:0000145
4872,AT1G07725,GO:0000145
23654,AT1G47550,GO:0000145
26028,AT1G51640,GO:0000145
27674,AT1G54090,GO:0000145
38124,AT1G71820,GO:0000145
38592,AT1G72470,GO:0000145
57456,AT2G28640,GO:0000145
57460,AT2G28650,GO:0000145
65035,AT2G39380,GO:0000145
77283,AT3G09520,GO:0000145
77286,AT3G09530,GO:0000145
77884,AT3G10380,GO:0000145
80712,AT3G14090,GO:0000145
91225,AT3G29400,GO:0000145
99982,AT3G55150,GO:0000145
101038,AT3G56640,GO:0000145
107311,AT4G02350,GO:0000145
125406,AT4G31540,GO:0000145
133701,AT5G03540,GO:0000145
139804,AT5G12370,GO:0000145
140101,AT5G13150,GO:0000145
140866,AT5G13990,GO:0000145
159607,AT5G50380,GO:0000145
160804,AT5G52340,GO:0000145
160808,AT5G52350,GO:0000145
164926,AT5G58430,GO:0000145
165814,AT5G59730,GO:0000145
166754,AT5G61010,GO:0000145
3366,AT1G05570,GO:0000148
4002,AT1G06490,GO:0000148
48419,AT2G13680,GO:0000148
59703,AT2G31960,GO:0000148
63155,AT2G36850,GO:0000148
75980,AT3G07160,GO:0000148
81064,AT3G14570,GO:0000148
102653,AT3G59100,GO:0000148
108237,AT4G03550,GO:0000148
108913,AT4G04970,GO:0000148
139998,AT5G13000,GO:0000148
150965,AT5G36870,GO:0000148
10705,AT1G15880,GO:0000149
17082,AT1G26670,GO:0000149
69281,AT2G45200,GO:0000149
91058,AT3G29100,GO:0000149
152508,AT5G39630,GO:0000149
57399,AT2G28560,GO:0000150
69347,AT2G45280,GO:0000150
576,AT1G01660,GO:0000151
580,AT1G01670,GO:0000151
582,AT1G01680,GO:0000151
7119,AT1G10560,GO:0000151
10219,AT1G15165,GO:0000151
14118,AT1G20780,GO:0000151
15497,AT1G23030,GO:0000151
16226,AT1G24330,GO:0000151
17197,AT1G26830,GO:0000151
17822,AT1G27910,GO:0000151
18655,AT1G29340,GO:0000151
19715,AT1G30950,GO:0000151
24953,AT1G49780,GO:0000151
28724,AT1G55860,GO:0000151
28828,AT1G56030,GO:0000151
28832,AT1G56040,GO:0000151
30556,AT1G60190,GO:0000151
35348,AT1G67530,GO:0000151
36299,AT1G68940,GO:0000151
36764,AT1G69670,GO:0000151
37189,AT1G70320,GO:0000151
37700,AT1G71020,GO:0000151
41039,AT1G75950,GO:0000151
41350,AT1G76390,GO:0000151
46703,AT2G04660,GO:0000151
51263,AT2G19410,GO:0000151
53875,AT2G23140,GO:0000151
55506,AT2G26000,GO:0000151
57564,AT2G28830,GO:0000151
60652,AT2G33340,GO:0000151
67098,AT2G42160,GO:0000151
67399,AT2G42620,GO:0000151
69785,AT2G45910,GO:0000151
69793,AT2G45920,GO:0000151
76076,AT3G07360,GO:0000151
76097,AT3G07370,GO:0000151
82877,AT3G17205,GO:0000151
83838,AT3G18710,GO:0000151
84301,AT3G19380,GO:0000151
88191,AT3G24800,GO:0000151
91844,AT3G42830,GO:0000151
94728,AT3G47820,GO:0000151
95648,AT3G49060,GO:0000151
96134,AT3G49810,GO:0000151
98003,AT3G52450,GO:0000151
98455,AT3G53090,GO:0000151
99693,AT3G54790,GO:0000151
99750,AT3G54850,GO:0000151
104069,AT3G61390,GO:0000151
105102,AT3G62980,GO:0000151
107585,AT4G02570,GO:0000151
118074,AT4G21350,GO:0000151
120805,AT4G25160,GO:0000151
129376,AT4G36550,GO:0000151
132623,AT5G01830,GO:0000151
133309,AT5G02880,GO:0000151
134902,AT5G05230,GO:0000151
135107,AT5G05560,GO:0000151
137999,AT5G09800,GO:0000151
141753,AT5G15400,GO:0000151
143671,AT5G18320,GO:0000151
143678,AT5G18330,GO:0000151
143680,AT5G18340,GO:0000151
152800,AT5G40140,GO:0000151
154174,AT5G42340,GO:0000151
156828,AT5G46210,GO:0000151
160127,AT5G51270,GO:0000151
163849,AT5G57035,GO:0000151
167154,AT5G61550,GO:0000151
167173,AT5G61560,GO:0000151
167844,AT5G62560,GO:0000151
169799,AT5G65200,GO:0000151
170005,AT5G65500,GO:0000151
170273,AT5G65920,GO:0000151
171473,AT5G67530,GO:0000151
60396,AT2G32950,GO:0000152
71493,AT3G01090,GO:0000152
683,AT1G01860,GO:0000154
1808,AT1G03502,GO:0000154
1812,AT1G03506,GO:0000154
1977,AT1G03743,GO:0000154
1979,AT1G03746,GO:0000154
2161,AT1G03935,GO:0000154
4852,AT1G07702,GO:0000154
8130,AT1G12013,GO:0000154
8133,AT1G12015,GO:0000154
13123,AT1G19373,GO:0000154
13126,AT1G19376,GO:0000154
13517,AT1G20015,GO:0000154
16835,AT1G26233,GO:0000154
20645,AT1G32385,GO:0000154
39905,AT1G74453,GO:0000154
39909,AT1G74456,GO:0000154
40471,AT1G75163,GO:0000154
40475,AT1G75166,GO:0000154
47107,AT2G05765,GO:0000154
49940,AT2G17295,GO:0000154
52192,AT2G20721,GO:0000154
52196,AT2G20722,GO:0000154
52197,AT2G20723,GO:0000154
62087,AT2G35382,GO:0000154
62088,AT2G35384,GO:0000154
62093,AT2G35387,GO:0000154
62379,AT2G35742,GO:0000154
62383,AT2G35744,GO:0000154
62385,AT2G35747,GO:0000154
67789,AT2G43137,GO:0000154
67793,AT2G43138,GO:0000154
67795,AT2G43139,GO:0000154
67802,AT2G43141,GO:0000154
70903,AT2G47420,GO:0000154
71676,AT3G01313,GO:0000154
71677,AT3G01316,GO:0000154
80219,AT3G13525,GO:0000154
81031,AT3G14475,GO:0000154
86049,AT3G21805,GO:0000154
88080,AT3G24612,GO:0000154
90229,AT3G27865,GO:0000154
94335,AT3G47342,GO:0000154
94339,AT3G47347,GO:0000154
94341,AT3G47348,GO:0000154
96754,AT3G50825,GO:0000154
102159,AT3G58193,GO:0000154
102162,AT3G58196,GO:0000154
107560,AT4G02555,GO:0000154
108095,AT4G03295,GO:0000154
112417,AT4G13245,GO:0000154
121701,AT4G26365,GO:0000154
131449,AT4G39361,GO:0000154
131452,AT4G39363,GO:0000154
131457,AT4G39364,GO:0000154
131458,AT4G39366,GO:0000154
138616,AT5G10572,GO:0000154
140176,AT5G13225,GO:0000154
155510,AT5G44286,GO:0000154
161797,AT5G53902,GO:0000154
161892,AT5G54075,GO:0000154
165045,AT5G58595,GO:0000154
170583,AT5G66360,GO:0000154
170704,AT5G66562,GO:0000154
170708,AT5G66564,GO:0000154
170712,AT5G66567,GO:0000154
2430,AT1G04310,GO:0000155
6399,AT1G09570,GO:0000155
17464,AT1G27320,GO:0000155
34518,AT1G66340,GO:0000155
35596,AT1G67840,GO:0000155
45136,AT2G01830,GO:0000155
45677,AT2G02710,GO:0000155
50262,AT2G17820,GO:0000155
70918,AT2G47430,GO:0000155
74040,AT3G04580,GO:0000155
75585,AT3G06630,GO:0000155
86959,AT3G23150,GO:0000155
114640,AT4G16250,GO:0000155
115996,AT4G18130,GO:0000155
136670,AT5G07660,GO:0000155
138714,AT5G10720,GO:0000155
150594,AT5G35750,GO:0000155
150655,AT5G35840,GO:0000155
164619,AT5G58140,GO:0000155
7047,AT1G10470,GO:0000156
12881,AT1G19050,GO:0000156
17462,AT1G27320,GO:0000156
24616,AT1G49190,GO:0000156
30437,AT1G59940,GO:0000156
34520,AT1G66340,GO:0000156
35489,AT1G67710,GO:0000156
35819,AT1G68210,GO:0000156
40258,AT1G74890,GO:0000156
45082,AT2G01760,GO:0000156
45126,AT2G01830,GO:0000156
50271,AT2G17820,GO:0000156
55049,AT2G25180,GO:0000156
56381,AT2G27070,GO:0000156
66061,AT2G40670,GO:0000156
66486,AT2G41310,GO:0000156
70425,AT2G46790,GO:0000156
70914,AT2G47430,GO:0000156
73896,AT3G04280,GO:0000156
74039,AT3G04580,GO:0000156
82655,AT3G16857,GO:0000156
86966,AT3G23150,GO:0000156
94931,AT3G48100,GO:0000156
100894,AT3G56380,GO:0000156
101328,AT3G57040,GO:0000156
104892,AT3G62670,GO:0000156
106121,AT4G00760,GO:0000156
114511,AT4G16110,GO:0000156
115914,AT4G18020,GO:0000156
125698,AT4G31920,GO:0000156
133236,AT5G02810,GO:0000156
136320,AT5G07210,GO:0000156
138699,AT5G10720,GO:0000156
147501,AT5G24470,GO:0000156
148650,AT5G26594,GO:0000156
150609,AT5G35750,GO:0000156
158869,AT5G49240,GO:0000156
164587,AT5G58080,GO:0000156
166082,AT5G60100,GO:0000156
166990,AT5G61380,GO:0000156
167518,AT5G62120,GO:0000156
168101,AT5G62920,GO:0000156
9036,AT1G13320,GO:0000159
9136,AT1G13460,GO:0000159
11992,AT1G17720,GO:0000159
16675,AT1G25490,GO:0000159
24454,AT1G48870,GO:0000159
26101,AT1G51690,GO:0000159
77554,AT3G09880,GO:0000159
84698,AT3G19980,GO:0000159
85942,AT3G21650,GO:0000159
88908,AT3G26020,GO:0000159
88911,AT3G26030,GO:0000159
99825,AT3G54930,GO:0000159
102277,AT3G58500,GO:0000159
114030,AT4G15415,GO:0000159
133651,AT5G03470,GO:0000159
148154,AT5G25510,GO:0000159
1749,AT1G03430,GO:0000160
7045,AT1G10470,GO:0000160
12879,AT1G19050,GO:0000160
17476,AT1G27320,GO:0000160
24617,AT1G49190,GO:0000160
30435,AT1G59940,GO:0000160
35821,AT1G68210,GO:0000160
40259,AT1G74890,GO:0000160
44047,AT1G80100,GO:0000160
45081,AT2G01760,GO:0000160
45133,AT2G01830,GO:0000160
45678,AT2G02710,GO:0000160
56385,AT2G27070,GO:0000160
66066,AT2G40670,GO:0000160
66495,AT2G41310,GO:0000160
70424,AT2G46790,GO:0000160
70919,AT2G47430,GO:0000160
73897,AT3G04280,GO:0000160
74041,AT3G04580,GO:0000160
75578,AT3G06630,GO:0000160
82243,AT3G16360,GO:0000160
85850,AT3G21510,GO:0000160
86964,AT3G23150,GO:0000160
91183,AT3G29350,GO:0000160
93374,AT3G45780,GO:0000160
94941,AT3G48100,GO:0000160
100893,AT3G56380,GO:0000160
101334,AT3G57040,GO:0000160
104897,AT3G62670,GO:0000160
106120,AT4G00760,GO:0000160
115913,AT4G18020,GO:0000160
133244,AT5G02810,GO:0000160
136323,AT5G07210,GO:0000160
138721,AT5G10720,GO:0000160
147500,AT5G24470,GO:0000160
148651,AT5G26594,GO:0000160
150603,AT5G35750,GO:0000160
152316,AT5G39340,GO:0000160
158870,AT5G49240,GO:0000160
164637,AT5G58140,GO:0000160
166078,AT5G60100,GO:0000160
166991,AT5G61380,GO:0000160
167519,AT5G62120,GO:0000160
168103,AT5G62920,GO:0000160
4924,AT1G07780,GO:0000162
16457,AT1G25220,GO:0000162
18709,AT1G29410,GO:0000162
25721,AT1G51110,GO:0000162
25982,AT1G51570,GO:0000162
36568,AT1G69370,GO:0000162
37406,AT1G70570,GO:0000162
46566,AT2G04400,GO:0000162
58115,AT2G29690,GO:0000162
99543,AT3G54640,GO:0000162
100563,AT3G55870,GO:0000162
101987,AT3G57880,GO:0000162
104035,AT3G61300,GO:0000162
104319,AT3G61720,GO:0000162
107635,AT4G02610,GO:0000162
122266,AT4G27070,GO:0000162
125371,AT4G31500,GO:0000162
135148,AT5G05590,GO:0000162
135305,AT5G05730,GO:0000162
139988,AT5G12970,GO:0000162
143471,AT5G17990,GO:0000162
149694,AT5G28237,GO:0000162
151866,AT5G38530,GO:0000162
162372,AT5G54810,GO:0000162
164455,AT5G57890,GO:0000162
166612,AT5G60890,GO:0000162
178813,PAI4,GO:0000162
32921,AT1G64040,GO:0000164
57899,AT2G29400,GO:0000164
59262,AT2G31305,GO:0000164
65431,AT2G39840,GO:0000164
94072,AT3G46820,GO:0000164
165428,AT5G59160,GO:0000164
445,AT1G01560,GO:0000165
1078,AT1G02450,GO:0000165
1762,AT1G03430,GO:0000165
2973,AT1G05010,GO:0000165
4133,AT1G06680,GO:0000165
4775,AT1G07630,GO:0000165
4799,AT1G07640,GO:0000165
5155,AT1G08050,GO:0000165
5694,AT1G08720,GO:0000165
6219,AT1G09340,GO:0000165
6903,AT1G10210,GO:0000165
7610,AT1G11310,GO:0000165
9137,AT1G13470,GO:0000165
9478,AT1G14000,GO:0000165
9993,AT1G14790,GO:0000165
10394,AT1G15430,GO:0000165
10467,AT1G15520,GO:0000165
11218,AT1G16540,GO:0000165
11919,AT1G17610,GO:0000165
12592,AT1G18570,GO:0000165
12806,AT1G18890,GO:0000165
12989,AT1G19180,GO:0000165
13304,AT1G19670,GO:0000165
13548,AT1G20020,GO:0000165
14423,AT1G21250,GO:0000165
14909,AT1G22070,GO:0000165
18133,AT1G28370,GO:0000165
18160,AT1G28380,GO:0000165
18277,AT1G28480,GO:0000165
18846,AT1G29690,GO:0000165
19203,AT1G30210,GO:0000165
19795,AT1G31130,GO:0000165
20377,AT1G32060,GO:0000165
20545,AT1G32230,GO:0000165
21287,AT1G33590,GO:0000165
21311,AT1G33600,GO:0000165
22127,AT1G35710,GO:0000165
22616,AT1G42990,GO:0000165
26044,AT1G51660,GO:0000165
27080,AT1G53230,GO:0000165
29586,AT1G57630,GO:0000165
30388,AT1G59870,GO:0000165
32966,AT1G64060,GO:0000165
33139,AT1G64280,GO:0000165
33378,AT1G64610,GO:0000165
34898,AT1G66880,GO:0000165
35962,AT1G68520,GO:0000165
36526,AT1G69270,GO:0000165
36797,AT1G69690,GO:0000165
37923,AT1G71390,GO:0000165
39452,AT1G73730,GO:0000165
39498,AT1G73805,GO:0000165
39844,AT1G74360,GO:0000165
40034,AT1G74640,GO:0000165
40108,AT1G74710,GO:0000165
40413,AT1G75040,GO:0000165
40659,AT1G75460,GO:0000165
41164,AT1G76110,GO:0000165
42748,AT1G78410,GO:0000165
42899,AT1G78600,GO:0000165
44522,AT1G80840,GO:0000165
46246,AT2G03760,GO:0000165
46608,AT2G04450,GO:0000165
47206,AT2G05940,GO:0000165
48439,AT2G13790,GO:0000165
48675,AT2G14560,GO:0000165
48712,AT2G14610,GO:0000165
48873,AT2G15080,GO:0000165
49745,AT2G17040,GO:0000165
49933,AT2G17290,GO:0000165
51152,AT2G19190,GO:0000165
51699,AT2G20010,GO:0000165
52060,AT2G20570,GO:0000165
53476,AT2G22540,GO:0000165
54214,AT2G23680,GO:0000165
54922,AT2G25000,GO:0000165
55921,AT2G26560,GO:0000165
58081,AT2G29650,GO:0000165
58802,AT2G30770,GO:0000165
59099,AT2G31070,GO:0000165
60192,AT2G32680,GO:0000165
62294,AT2G35650,GO:0000165
62488,AT2G35930,GO:0000165
62531,AT2G35980,GO:0000165
62899,AT2G36470,GO:0000165
63828,AT2G37710,GO:0000165
64254,AT2G38290,GO:0000165
64442,AT2G38470,GO:0000165
65303,AT2G39730,GO:0000165
66125,AT2G40750,GO:0000165
66978,AT2G41940,GO:0000165
67330,AT2G42540,GO:0000165
67677,AT2G43010,GO:0000165
68264,AT2G43790,GO:0000165
68734,AT2G44490,GO:0000165
70189,AT2G46500,GO:0000165
71854,AT3G01480,GO:0000165
71922,AT3G01500,GO:0000165
72152,AT3G01830,GO:0000165
74249,AT3G04790,GO:0000165
74653,AT3G05360,GO:0000165
74865,AT3G05650,GO:0000165
74885,AT3G05660,GO:0000165
75012,AT3G05800,GO:0000165
76974,AT3G09020,GO:0000165
78240,AT3G10800,GO:0000165
78820,AT3G11630,GO:0000165
78973,AT3G11820,GO:0000165
79004,AT3G11840,GO:0000165
80606,AT3G13950,GO:0000165
81661,AT3G15500,GO:0000165
